NT30NA60 ; 311.288879394531250000, 303.344299316406250000, 0.000000000000000000, 0.000000000000000000,  13952.2 
NT30NA60 ; 318.760925292968750000, 310.897644042968750000, 0.000000000000000000, 0.000000000000000000,  13812.8 
NT30NA60 ; 316.373535156250000000, 307.454589843750000000, 0.000000000000000000, 0.000000000000000000,  15715.7 
NT30NA60 ; 322.326416015625000000, 314.494201660156250000, 0.000000000000000000, 0.000000000000000000,  13774.3 
NT30NA60 ; 309.105285644531250000, 301.170166015625000000, 0.000000000000000000, 0.000000000000000000,  13960 
NT30NA60 ; 312.653320312500000000, 301.941894531250000000, 0.000000000000000000, 0.000000000000000000,  18926.8 
NT30NA60 ; 305.169067382812500000, 297.304077148437500000, 0.000000000000000000, 0.000000000000000000,  13845.2 
NT30NA60 ; 308.455139160156250000, 300.394409179687500000, 0.000000000000000000, 0.000000000000000000,  14125.1 
NT30NA60 ; 328.564086914062500000, 319.982116699218750000, 0.000000000000000000, 0.000000000000000000,  15134.3 
NT30NA60 ; 328.691101074218750000, 320.601806640625000000, 0.000000000000000000, 0.000000000000000000,  14206.9 
NT30NA60 ; 323.367004394531250000, 315.276062011718750000, 0.000000000000000000, 0.000000000000000000,  14235.8 
NT30NA60 ; 312.703735351562500000, 304.519958496093750000, 0.000000000000000000, 0.000000000000000000,  14371.5 
NT30NA60 ; 315.658142089843750000, 306.054443359375000000, 0.000000000000000000, 0.000000000000000000,  16972.4 
NT30NA60 ; 309.664245605468750000, 301.368286132812500000, 0.000000000000000000, 0.000000000000000000,  14578.6 
NT30NA60 ; 308.886230468750000000, 299.983825683593750000, 0.000000000000000000, 0.000000000000000000,  15692.4 
NT30NA60 ; 315.764526367187500000, 306.150207519531250000, 0.000000000000000000, 0.000000000000000000,  17008.4 
NT30NA60 ; 317.252441406250000000, 308.878601074218750000, 0.000000000000000000, 0.000000000000000000,  14714.7 
NT30NA60 ; 313.459228515625000000, 303.968200683593750000, 0.000000000000000000, 0.000000000000000000,  16745.9 
NT30NA60 ; 313.240600585937500000, 304.871643066406250000, 0.000000000000000000, 0.000000000000000000,  14717.1 
NT30NA60 ; 312.892150878906250000, 304.557128906250000000, 0.000000000000000000, 0.000000000000000000,  14633.3 
NT30NA60 ; 322.931335449218750000, 314.527526855468750000, 0.000000000000000000, 0.000000000000000000,  14811.4 
NT30NA60 ; 332.507507324218750000, 324.140563964843750000, 0.000000000000000000, 0.000000000000000000,  14694.5 
NT30NA60 ; 321.494995117187500000, 311.892578125000000000, 0.000000000000000000, 0.000000000000000000,  16912.3 
NT30NA60 ; 311.179199218750000000, 302.808837890625000000, 0.000000000000000000, 0.000000000000000000,  14759.5 
NT30NA60 ; 316.844299316406250000, 306.992614746093750000, 0.000000000000000000, 0.000000000000000000,  17390.8 
NT30NA60 ; 322.420104980468750000, 314.094909667968750000, 0.000000000000000000, 0.000000000000000000,  14604.3 
NT30NA60 ; 325.838439941406250000, 317.235839843750000000, 0.000000000000000000, 0.000000000000000000,  15182.6 
NT30NA60 ; 334.871215820312500000, 325.086181640625000000, 0.000000000000000000, 0.000000000000000000,  17280.8 
NT30NA60 ; 313.410644531250000000, 305.045593261718750000, 0.000000000000000000, 0.000000000000000000,  14704.8 
NT30NA60 ; 317.135864257812500000, 307.243896484375000000, 0.000000000000000000, 0.000000000000000000,  17445.6 
NT30NA60 ; 319.645324707031250000, 311.217834472656250000, 0.000000000000000000, 0.000000000000000000,  14825.8 
NT30NA60 ; 334.607299804687500000, 325.458007812500000000, 0.000000000000000000, 0.000000000000000000,  16122.1 
NT30NA60 ; 320.339599609375000000, 311.946289062500000000, 0.000000000000000000, 0.000000000000000000,  14793.3 
NT30NA60 ; 324.309814453125000000, 315.183105468750000000, 0.000000000000000000, 0.000000000000000000,  16085.8 
NT30NA60 ; 315.486999511718750000, 306.969360351562500000, 0.000000000000000000, 0.000000000000000000,  14966.5 
NT30NA60 ; 311.228515625000000000, 302.855712890625000000, 0.000000000000000000, 0.000000000000000000,  14731.9 
NT30NA60 ; 327.910339355468750000, 318.532104492187500000, 0.000000000000000000, 0.000000000000000000,  16541.8 
NT30NA60 ; 333.789794921875000000, 325.424987792968750000, 0.000000000000000000, 0.000000000000000000,  14724 
NT30NA60 ; 333.595214843750000000, 325.166809082031250000, 0.000000000000000000, 0.000000000000000000,  14790.3 
NT30NA60 ; 325.246704101562500000, 315.261413574218750000, 0.000000000000000000, 0.000000000000000000,  17655.2 
NT30NA60 ; 308.702575683593750000, 300.342956542968750000, 0.000000000000000000, 0.000000000000000000,  14731.3 
NT30NA60 ; 318.436401367187500000, 309.222595214843750000, 0.000000000000000000, 0.000000000000000000,  16256 
NT30NA60 ; 311.431030273437500000, 303.093383789062500000, 0.000000000000000000, 0.000000000000000000,  14644.4 
NT30NA60 ; 309.653015136718750000, 299.507995605468750000, 0.000000000000000000, 0.000000000000000000,  17942.4 
NT30NA60 ; 313.339172363281250000, 304.975646972656250000, 0.000000000000000000, 0.000000000000000000,  14729.1 
NT30NA60 ; 314.033691406250000000, 304.993041992187500000, 0.000000000000000000, 0.000000000000000000,  15913.7 
NT30NA60 ; 334.171936035156250000, 324.517944335937500000, 0.000000000000000000, 0.000000000000000000,  17019.5 
NT30NA60 ; 335.918701171875000000, 327.467224121093750000, 0.000000000000000000, 0.000000000000000000,  14843.6 
NT30NA60 ; 322.174621582031250000, 312.465942382812500000, 0.000000000000000000, 0.000000000000000000,  17168.5 
NT30NA60 ; 330.587158203125000000, 322.265502929687500000, 0.000000000000000000, 0.000000000000000000,  14601.4 
NT30NA60 ; 317.356933593750000000, 309.008605957031250000, 0.000000000000000000, 0.000000000000000000,  14735 
NT30NA60 ; 323.445739746093750000, 313.798645019531250000, 0.000000000000000000, 0.000000000000000000,  17009.7 
NT30NA60 ; 333.476257324218750000, 325.085571289062500000, 0.000000000000000000, 0.000000000000000000,  14759 
NT30NA60 ; 323.540649414062500000, 314.034179687500000000, 0.000000000000000000, 0.000000000000000000,  16767.8 
NT30NA60 ; 312.593322753906250000, 304.160522460937500000, 0.000000000000000000, 0.000000000000000000,  14813.4 
NT30NA60 ; 313.953491210937500000, 305.490905761718750000, 0.000000000000000000, 0.000000000000000000,  14874.6 
NT30NA60 ; 311.432922363281250000, 301.605102539062500000, 0.000000000000000000, 0.000000000000000000,  17416.6 
NT30NA60 ; 325.894165039062500000, 317.448913574218750000, 0.000000000000000000, 0.000000000000000000,  14818.4 
NT30NA60 ; 321.279968261718750000, 311.932556152343750000, 0.000000000000000000, 0.000000000000000000,  16497.2 
NT30NA60 ; 312.902709960937500000, 304.475158691406250000, 0.000000000000000000, 0.000000000000000000,  14807.6 
NT30NA60 ; 309.230895996093750000, 300.830261230468750000, 0.000000000000000000, 0.000000000000000000,  14798.7 
NT30NA60 ; 319.358337402343750000, 310.422241210937500000, 0.000000000000000000, 0.000000000000000000,  15753.3 
NT30NA60 ; 323.632202148437500000, 314.553833007812500000, 0.000000000000000000, 0.000000000000000000,  15981.3 
NT30NA60 ; 325.702087402343750000, 317.193054199218750000, 0.000000000000000000, 0.000000000000000000,  14982.2 
NT30NA60 ; 327.404541015625000000, 317.466552734375000000, 0.000000000000000000, 0.000000000000000000,  17539.7 
NT30NA60 ; 321.613342285156250000, 313.117614746093750000, 0.000000000000000000, 0.000000000000000000,  14950.9 
NT30NA60 ; 312.959777832031250000, 303.919860839843750000, 0.000000000000000000, 0.000000000000000000,  15890.3 
NT30NA60 ; 313.686767578125000000, 304.261596679687500000, 0.000000000000000000, 0.000000000000000000,  16651.9 
NT30NA60 ; 319.602355957031250000, 311.226928710937500000, 0.000000000000000000, 0.000000000000000000,  14738 
NT30NA60 ; 337.758544921875000000, 327.853881835937500000, 0.000000000000000000, 0.000000000000000000,  17476.8 
NT30NA60 ; 321.155212402343750000, 312.750793457031250000, 0.000000000000000000, 0.000000000000000000,  14805.9 
NT30NA60 ; 321.211120605468750000, 312.008972167968750000, 0.000000000000000000, 0.000000000000000000,  16232.1 
NT30NA60 ; 321.194396972656250000, 312.704711914062500000, 0.000000000000000000, 0.000000000000000000,  14885.1 
NT30NA60 ; 330.588989257812500000, 320.652526855468750000, 0.000000000000000000, 0.000000000000000000,  17553.1 
NT30NA60 ; 312.819763183593750000, 304.432006835937500000, 0.000000000000000000, 0.000000000000000000,  14761.9 
NT30NA60 ; 323.526062011718750000, 314.581665039062500000, 0.000000000000000000, 0.000000000000000000,  15756.9 
NT30NA60 ; 310.515686035156250000, 301.348022460937500000, 0.000000000000000000, 0.000000000000000000,  16163.5 
NT30NA60 ; 314.017578125000000000, 305.589294433593750000, 0.000000000000000000, 0.000000000000000000,  14823.8 
NT30NA60 ; 334.925476074218750000, 325.171997070312500000, 0.000000000000000000, 0.000000000000000000,  17241.4 
NT30NA60 ; 327.575195312500000000, 319.202514648437500000, 0.000000000000000000, 0.000000000000000000,  14719.6 
NT30NA60 ; 308.575256347656250000, 300.191711425781250000, 0.000000000000000000, 0.000000000000000000,  14788.3 
NT30NA60 ; 321.041809082031250000, 312.420166015625000000, 0.000000000000000000, 0.000000000000000000,  15166.6 
NT30NA60 ; 312.125915527343750000, 302.704101562500000000, 0.000000000000000000, 0.000000000000000000,  16601.4 
NT30NA60 ; 311.321960449218750000, 302.965332031250000000, 0.000000000000000000, 0.000000000000000000,  14716.3 
NT30NA60 ; 316.719482421875000000, 307.105407714843750000, 0.000000000000000000, 0.000000000000000000,  16978 
NT30NA60 ; 332.560913085937500000, 323.963623046875000000, 0.000000000000000000, 0.000000000000000000,  15101.5 
NT30NA60 ; 337.230590820312500000, 328.794128417968750000, 0.000000000000000000, 0.000000000000000000,  14840.9 
NT30NA60 ; 326.045410156250000000, 316.150451660156250000, 0.000000000000000000, 0.000000000000000000,  17498 
NT30NA60 ; 312.588012695312500000, 304.142944335937500000, 0.000000000000000000, 0.000000000000000000,  14833.4 
NT30NA60 ; 315.029602050781250000, 305.015319824218750000, 0.000000000000000000, 0.000000000000000000,  17666.5 
NT30NA60 ; 308.500854492187500000, 300.112854003906250000, 0.000000000000000000, 0.000000000000000000,  14781.9 
NT30NA60 ; 318.428710937500000000, 309.107788085937500000, 0.000000000000000000, 0.000000000000000000,  16445 
NT30NA60 ; 318.941101074218750000, 310.464660644531250000, 0.000000000000000000, 0.000000000000000000,  14884.4 
NT30NA60 ; 317.046630859375000000, 308.242370605468750000, 0.000000000000000000, 0.000000000000000000,  15533 
NT30NA60 ; 312.424682617187500000, 304.055969238281250000, 0.000000000000000000, 0.000000000000000000,  14739.2 
NT30NA60 ; 316.000793457031250000, 307.632263183593750000, 0.000000000000000000, 0.000000000000000000,  14711.6 
NT30NA60 ; 321.250122070312500000, 311.539428710937500000, 0.000000000000000000, 0.000000000000000000,  17178.3 
NT30NA60 ; 321.018005371093750000, 312.515441894531250000, 0.000000000000000000, 0.000000000000000000,  14947.7 
NT30NA60 ; 328.185546875000000000, 318.218322753906250000, 0.000000000000000000, 0.000000000000000000,  17560.2 
NT30NA60 ; 312.002502441406250000, 303.634826660156250000, 0.000000000000000000, 0.000000000000000000,  14773.7 
NT30NA60 ; 317.141967773437500000, 308.670593261718750000, 0.000000000000000000, 0.000000000000000000,  14912.9 
NT30NA60 ; 310.255187988281250000, 300.642150878906250000, 0.000000000000000000, 0.000000000000000000,  16970.1 
NT30NA60 ; 311.742553710937500000, 303.279357910156250000, 0.000000000000000000, 0.000000000000000000,  14872.6 
NT30NA60 ; 315.445007324218750000, 306.477539062500000000, 0.000000000000000000, 0.000000000000000000,  15818 
NT30NA60 ; 314.739929199218750000, 304.923400878906250000, 0.000000000000000000, 0.000000000000000000,  17342.7 
NT30NA60 ; 313.501647949218750000, 304.983947753906250000, 0.000000000000000000, 0.000000000000000000,  14993.8 
NT30NA60 ; 312.116577148437500000, 302.304077148437500000, 0.000000000000000000, 0.000000000000000000,  17324.7 
NT30NA60 ; 328.393554687500000000, 319.975891113281250000, 0.000000000000000000, 0.000000000000000000,  14831.3 
NT30NA60 ; 312.262573242187500000, 303.320800781250000000, 0.000000000000000000, 0.000000000000000000,  15778.2 
NT30NA60 ; 313.443847656250000000, 303.897766113281250000, 0.000000000000000000, 0.000000000000000000,  16903.4 
NT30NA60 ; 327.280090332031250000, 318.799865722656250000, 0.000000000000000000, 0.000000000000000000,  14953.5 
NT30NA60 ; 310.769226074218750000, 301.767456054687500000, 0.000000000000000000, 0.000000000000000000,  15889 
NT30NA60 ; 313.741210937500000000, 305.282958984375000000, 0.000000000000000000, 0.000000000000000000,  14872.5 
NT30NA60 ; 315.392333984375000000, 305.586914062500000000, 0.000000000000000000, 0.000000000000000000,  17279.3 
NT30NA60 ; 320.309753417968750000, 311.896972656250000000, 0.000000000000000000, 0.000000000000000000,  14835.5 
NT30NA60 ; 318.243286132812500000, 309.830078125000000000, 0.000000000000000000, 0.000000000000000000,  14794.6 
NT30NA60 ; 334.128723144531250000, 324.149902343750000000, 0.000000000000000000, 0.000000000000000000,  17635.8 
NT30NA60 ; 328.988586425781250000, 320.470520019531250000, 0.000000000000000000, 0.000000000000000000,  14953.2 
NT30NA60 ; 311.305053710937500000, 301.393371582031250000, 0.000000000000000000, 0.000000000000000000,  17512 
NT30NA60 ; 321.067321777343750000, 312.546997070312500000, 0.000000000000000000, 0.000000000000000000,  14993.8 
NT30NA60 ; 322.077880859375000000, 313.669433593750000000, 0.000000000000000000, 0.000000000000000000,  14825.4 
NT30NA60 ; 328.729858398437500000, 319.666870117187500000, 0.000000000000000000, 0.000000000000000000,  15972.7 
NT30NA60 ; 319.598266601562500000, 310.389282226562500000, 0.000000000000000000, 0.000000000000000000,  16242.8 
NT30NA60 ; 311.020324707031250000, 302.579650878906250000, 0.000000000000000000, 0.000000000000000000,  14842.7 
NT30NA60 ; 338.256774902343750000, 328.249450683593750000, 0.000000000000000000, 0.000000000000000000,  17677.1 
NT30NA60 ; 337.086975097656250000, 328.582580566406250000, 0.000000000000000000, 0.000000000000000000,  14935.2 
NT30NA60 ; 315.210083007812500000, 306.804809570312500000, 0.000000000000000000, 0.000000000000000000,  14787.8 
NT30NA60 ; 327.024047851562500000, 317.236938476562500000, 0.000000000000000000, 0.000000000000000000,  17314.1 
NT30NA60 ; 332.018066406250000000, 323.687988281250000000, 0.000000000000000000, 0.000000000000000000,  14675.2 
NT30NA60 ; 322.942687988281250000, 313.078002929687500000, 0.000000000000000000, 0.000000000000000000,  17386.2 
NT30NA60 ; 328.773010253906250000, 320.305053710937500000, 0.000000000000000000, 0.000000000000000000,  14934.2 
NT30NA60 ; 309.523193359375000000, 300.323364257812500000, 0.000000000000000000, 0.000000000000000000,  16232.9 
NT30NA60 ; 321.421081542968750000, 312.995910644531250000, 0.000000000000000000, 0.000000000000000000,  14826.8 
NT30NA60 ; 317.071594238281250000, 308.013671875000000000, 0.000000000000000000, 0.000000000000000000,  15928.2 
NT30NA60 ; 332.851562500000000000, 324.267700195312500000, 0.000000000000000000, 0.000000000000000000,  15154.7 
NT30NA60 ; 312.956359863281250000, 304.490356445312500000, 0.000000000000000000, 0.000000000000000000,  14872.4 
NT30NA60 ; 331.364135742187500000, 321.860473632812500000, 0.000000000000000000, 0.000000000000000000,  16783 
NT30NA60 ; 313.098388671875000000, 304.654174804687500000, 0.000000000000000000, 0.000000000000000000,  14855.9 
NT30NA60 ; 312.156921386718750000, 303.691711425781250000, 0.000000000000000000, 0.000000000000000000,  14856.1 
NT30NA60 ; 327.119445800781250000, 317.146484375000000000, 0.000000000000000000, 0.000000000000000000,  17634 
NT30NA60 ; 332.939086914062500000, 324.510803222656250000, 0.000000000000000000, 0.000000000000000000,  14848.1 
NT30NA60 ; 311.224792480468750000, 302.148437500000000000, 0.000000000000000000, 0.000000000000000000,  15998.9 
NT30NA60 ; 313.119079589843750000, 304.657348632812500000, 0.000000000000000000, 0.000000000000000000,  14896.9 
NT30NA60 ; 320.088867187500000000, 309.995910644531250000, 0.000000000000000000, 0.000000000000000000,  17795.4 
NT30NA60 ; 313.723632812500000000, 305.307983398437500000, 0.000000000000000000, 0.000000000000000000,  14804.7 
NT30NA60 ; 312.697387695312500000, 303.626037597656250000, 0.000000000000000000, 0.000000000000000000,  15993.1 
NT30NA60 ; 315.538635253906250000, 305.831909179687500000, 0.000000000000000000, 0.000000000000000000,  17119.2 
NT30NA60 ; 327.694213867187500000, 319.355041503906250000, 0.000000000000000000, 0.000000000000000000,  14703.7 
NT30NA60 ; 323.860656738281250000, 314.445617675781250000, 0.000000000000000000, 0.000000000000000000,  16611.7 
NT30NA60 ; 328.462463378906250000, 320.022705078125000000, 0.000000000000000000, 0.000000000000000000,  14806.3 
NT30NA60 ; 335.208801269531250000, 326.740356445312500000, 0.000000000000000000, 0.000000000000000000,  14896.7 
NT30NA60 ; 320.858093261718750000, 311.601135253906250000, 0.000000000000000000, 0.000000000000000000,  16318 
NT30NA60 ; 312.366821289062500000, 303.883666992187500000, 0.000000000000000000, 0.000000000000000000,  14921.8 
NT30NA60 ; 315.004699707031250000, 304.962402343750000000, 0.000000000000000000, 0.000000000000000000,  17738 
NT30NA60 ; 321.887268066406250000, 313.440307617187500000, 0.000000000000000000, 0.000000000000000000,  14858.8 
NT30NA60 ; 333.513000488281250000, 324.308044433593750000, 0.000000000000000000, 0.000000000000000000,  16168.1 
NT30NA60 ; 329.194702148437500000, 319.572509765625000000, 0.000000000000000000, 0.000000000000000000,  17016.4 
NT30NA60 ; 327.966674804687500000, 319.497863769531250000, 0.000000000000000000, 0.000000000000000000,  14855.4 
NT30NA60 ; 314.861022949218750000, 305.169616699218750000, 0.000000000000000000, 0.000000000000000000,  17130.2 
NT30NA60 ; 315.312255859375000000, 306.895324707031250000, 0.000000000000000000, 0.000000000000000000,  14818 
NT30NA60 ; 317.479736328125000000, 309.036437988281250000, 0.000000000000000000, 0.000000000000000000,  14895.3 
NT30NA60 ; 325.172607421875000000, 316.156372070312500000, 0.000000000000000000, 0.000000000000000000,  15873 
NT30NA60 ; 329.969665527343750000, 320.548767089843750000, 0.000000000000000000, 0.000000000000000000,  16605.8 
NT30NA60 ; 313.607421875000000000, 305.159545898437500000, 0.000000000000000000, 0.000000000000000000,  14854.8 
NT30NA60 ; 315.131408691406250000, 305.137695312500000000, 0.000000000000000000, 0.000000000000000000,  17667.2 
NT30NA60 ; 322.434326171875000000, 313.963500976562500000, 0.000000000000000000, 0.000000000000000000,  14866.2 
NT30NA60 ; 331.346557617187500000, 322.944396972656250000, 0.000000000000000000, 0.000000000000000000,  14810.5 
NT30NA60 ; 316.801269531250000000, 307.610290527343750000, 0.000000000000000000, 0.000000000000000000,  16220.9 
NT30NA60 ; 331.437622070312500000, 323.097778320312500000, 0.000000000000000000, 0.000000000000000000,  14629.2 
NT30NA60 ; 332.083801269531250000, 323.609252929687500000, 0.000000000000000000, 0.000000000000000000,  14950.6 
NT30NA60 ; 334.474792480468750000, 326.041809082031250000, 0.000000000000000000, 0.000000000000000000,  14858.1 
NT30NA60 ; 339.335327148437500000, 330.117309570312500000, 0.000000000000000000, 0.000000000000000000,  16203.5 
NT30NA60 ; 329.468261718750000000, 320.201782226562500000, 0.000000000000000000, 0.000000000000000000,  16365.3 
NT30NA60 ; 333.370727539062500000, 324.829833984375000000, 0.000000000000000000, 0.000000000000000000,  15017.8 
NT30NA60 ; 322.743774414062500000, 312.786865234375000000, 0.000000000000000000, 0.000000000000000000,  17524.9 
NT30NA60 ; 317.630249023437500000, 309.152587890625000000, 0.000000000000000000, 0.000000000000000000,  14925.9 
NT30NA60 ; 321.706237792968750000, 311.833068847656250000, 0.000000000000000000, 0.000000000000000000,  17469.6 
NT30NA60 ; 322.416198730468750000, 313.933593750000000000, 0.000000000000000000, 0.000000000000000000,  14912.8 
NT30NA60 ; 341.177307128906250000, 332.483703613281250000, 0.000000000000000000, 0.000000000000000000,  15299.8 
NT30NA60 ; 321.314331054687500000, 311.818481445312500000, 0.000000000000000000, 0.000000000000000000,  16771.7 
NT30NA60 ; 327.693908691406250000, 319.197387695312500000, 0.000000000000000000, 0.000000000000000000,  14954.9 
NT30NA60 ; 335.192260742187500000, 326.025390625000000000, 0.000000000000000000, 0.000000000000000000,  16151.9 
NT30NA60 ; 320.067077636718750000, 311.664794921875000000, 0.000000000000000000, 0.000000000000000000,  14788.2 
NT30NA60 ; 329.399536132812500000, 319.296630859375000000, 0.000000000000000000, 0.000000000000000000,  17809.3 
NT30NA60 ; 330.914062500000000000, 322.458496093750000000, 0.000000000000000000, 0.000000000000000000,  14897.2 
NT30NA60 ; 314.224853515625000000, 305.801574707031250000, 0.000000000000000000, 0.000000000000000000,  14806.9 
NT30NA60 ; 327.082519531250000000, 317.036987304687500000, 0.000000000000000000, 0.000000000000000000,  17722.3 
NT30NA60 ; 319.117126464843750000, 310.665893554687500000, 0.000000000000000000, 0.000000000000000000,  14863.8 
NT30NA60 ; 317.260437011718750000, 307.477844238281250000, 0.000000000000000000, 0.000000000000000000,  17305.3 
NT30NA60 ; 321.318176269531250000, 312.850402832031250000, 0.000000000000000000, 0.000000000000000000,  14877.5 
NT30NA60 ; 323.909606933593750000, 315.373352050781250000, 0.000000000000000000, 0.000000000000000000,  15058.3 
NT30NA60 ; 317.983947753906250000, 309.018859863281250000, 0.000000000000000000, 0.000000000000000000,  15762.1 
NT30NA60 ; 321.103515625000000000, 312.647094726562500000, 0.000000000000000000, 0.000000000000000000,  14881.8 
NT30NA60 ; 345.880981445312500000, 336.797790527343750000, 0.000000000000000000, 0.000000000000000000,  16042.4 
NT30NA60 ; 327.821105957031250000, 319.355041503906250000, 0.000000000000000000, 0.000000000000000000,  14889.7 
NT30NA60 ; 327.696044921875000000, 318.125061035156250000, 0.000000000000000000, 0.000000000000000000,  16893.7 
NT30NA60 ; 315.070678710937500000, 306.662109375000000000, 0.000000000000000000, 0.000000000000000000,  14787.7 
NT30NA60 ; 315.097045898437500000, 306.631469726562500000, 0.000000000000000000, 0.000000000000000000,  14919.3 
NT30NA60 ; 334.767395019531250000, 324.630432128906250000, 0.000000000000000000, 0.000000000000000000,  17875 
NT30NA60 ; 334.079711914062500000, 325.690673828125000000, 0.000000000000000000, 0.000000000000000000,  14801.7 
NT30NA90 ; 539.422790527343750000, 525.441711425781250000, 0.000000000000000000, 0.000000000000000000,  24610.5 
NT30NA90 ; 468.649902343750000000, 455.866394042968750000, 0.000000000000000000, 0.000000000000000000,  22522.7 
NT30NA90 ; 471.937072753906250000, 460.521606445312500000, 0.000000000000000000, 0.000000000000000000,  20059.9 
NT30NA90 ; 475.460205078125000000, 462.257141113281250000, 0.000000000000000000, 0.000000000000000000,  23267.4 
NT30NA90 ; 470.230651855468750000, 458.521789550781250000, 0.000000000000000000, 0.000000000000000000,  20602.1 
NT30NA90 ; 475.224792480468750000, 462.046936035156250000, 0.000000000000000000, 0.000000000000000000,  23217.2 
NT30NA90 ; 472.423583984375000000, 460.071960449218750000, 0.000000000000000000, 0.000000000000000000,  21754.2 
NT30NA90 ; 481.081542968750000000, 468.540405273437500000, 0.000000000000000000, 0.000000000000000000,  22120.8 
NT30NA90 ; 487.183410644531250000, 474.240417480468750000, 0.000000000000000000, 0.000000000000000000,  22783.6 
NT30NA90 ; 490.980407714843750000, 478.945251464843750000, 0.000000000000000000, 0.000000000000000000,  21135.5 
NT30NA90 ; 485.236572265625000000, 473.114746093750000000, 0.000000000000000000, 0.000000000000000000,  21299.2 
NT30NA90 ; 488.516052246093750000, 475.718872070312500000, 0.000000000000000000, 0.000000000000000000,  22581.4 
NT30NA90 ; 487.685241699218750000, 475.458862304687500000, 0.000000000000000000, 0.000000000000000000,  21523.8 
NT30NA90 ; 459.036376953125000000, 446.439147949218750000, 0.000000000000000000, 0.000000000000000000,  22176.7 
NT30NA90 ; 464.856567382812500000, 451.008728027343750000, 0.000000000000000000, 0.000000000000000000,  24393.3 
NT30NA90 ; 427.156494140625000000, 414.253967285156250000, 0.000000000000000000, 0.000000000000000000,  22703.5 
NT30NA90 ; 479.485778808593750000, 465.925720214843750000, 0.000000000000000000, 0.000000000000000000,  23916.6 
NT30NA90 ; 466.635620117187500000, 454.073364257812500000, 0.000000000000000000, 0.000000000000000000,  22138.4 
NT30NA90 ; 465.946228027343750000, 452.340576171875000000, 0.000000000000000000, 0.000000000000000000,  23994.2 
NT30NA90 ; 464.682556152343750000, 452.148071289062500000, 0.000000000000000000, 0.000000000000000000,  22073.2 
NT30NA90 ; 458.475585937500000000, -261697.956176757812500000, 0.000000000000000000, 0.000000000000000000,  21911.2 
NT30NA90 ; 470.768188476562500000, 457.843811035156250000, 0.000000000000000000, 0.000000000000000000,  22767.4 
NT30NA90 ; 482.282043457031250000, 469.140380859375000000, 0.000000000000000000, 0.000000000000000000,  23166.8 
NT30NA90 ; 467.475341796875000000, 455.050903320312500000, 0.000000000000000000, 0.000000000000000000,  21843.5 
NT30NA90 ; 466.247375488281250000, 452.100830078125000000, 0.000000000000000000, 0.000000000000000000,  24964.3 
NT30NA90 ; 481.526733398437500000, 469.008178710937500000, 0.000000000000000000, 0.000000000000000000,  22071.5 
NT30NA90 ; 476.865905761718750000, 464.544677734375000000, 0.000000000000000000, 0.000000000000000000,  21669.9 
NT30NA90 ; 491.560729980468750000, 478.147705078125000000, 0.000000000000000000, 0.000000000000000000,  23630.7 
NT30NA90 ; 483.423461914062500000, 471.305847167968750000, 0.000000000000000000, 0.000000000000000000,  21303.7 
NT30NA90 ; 496.656799316406250000, 483.183288574218750000, 0.000000000000000000, 0.000000000000000000,  23799.6 
NT30NA90 ; 474.788635253906250000, 462.445190429687500000, 0.000000000000000000, 0.000000000000000000,  21728.4 
NT30NA90 ; 487.506164550781250000, 475.027404785156250000, 0.000000000000000000, 0.000000000000000000,  21981.9 
NT30NA90 ; 492.605224609375000000, 480.092102050781250000, 0.000000000000000000, 0.000000000000000000,  21836.5 
NT30NA90 ; 477.414611816406250000, 463.335388183593750000, 0.000000000000000000, 0.000000000000000000,  24840.8 
NT30NA90 ; 484.823181152343750000, 471.915832519531250000, 0.000000000000000000, 0.000000000000000000,  22722.9 
NT30NA90 ; 467.783325195312500000, 455.288940429687500000, 0.000000000000000000, 0.000000000000000000,  22015.6 
NT30NA90 ; 477.552307128906250000, 463.587524414062500000, 0.000000000000000000, 0.000000000000000000,  24635 
NT30NA90 ; 480.491394042968750000, 468.215270996093750000, 0.000000000000000000, 0.000000000000000000,  21609.9 
NT30NA90 ; 476.229919433593750000, 462.301879882812500000, 0.000000000000000000, 0.000000000000000000,  24555.3 
NT30NA90 ; 464.190185546875000000, 451.671264648437500000, 0.000000000000000000, 0.000000000000000000,  22044 
NT30NA90 ; 466.422668457031250000, 454.155883789062500000, 0.000000000000000000, 0.000000000000000000,  21598.6 
NT30NA90 ; 477.825256347656250000, 464.641662597656250000, 0.000000000000000000, 0.000000000000000000,  23259.1 
NT30NA90 ; 478.355834960937500000, 466.128173828125000000, 0.000000000000000000, 0.000000000000000000,  21491.5 
NT30NA90 ; 483.326354980468750000, 471.164489746093750000, 0.000000000000000000, 0.000000000000000000,  21447.2 
NT30NA90 ; 487.459228515625000000, 474.731567382812500000, 0.000000000000000000, 0.000000000000000000,  22418.3 
NT30NA90 ; 491.047058105468750000, 478.960510253906250000, 0.000000000000000000, 0.000000000000000000,  21266.4 
NT30NA90 ; 485.105651855468750000, 472.039794921875000000, 0.000000000000000000, 0.000000000000000000,  23049.4 
NT30NA90 ; 477.645080566406250000, 465.668090820312500000, 0.000000000000000000, 0.000000000000000000,  21095.5 
NT30NA90 ; 491.066406250000000000, 477.833129882812500000, 0.000000000000000000, 0.000000000000000000,  23305.1 
NT30NA90 ; 488.304504394531250000, 476.280090332031250000, 0.000000000000000000, 0.000000000000000000,  21123.8 
NT30NA90 ; 481.456481933593750000, 469.131958007812500000, 0.000000000000000000, 0.000000000000000000,  21730.5 
NT30NA90 ; 490.373168945312500000, 477.229675292968750000, 0.000000000000000000, 0.000000000000000000,  23147.8 
NT30NA90 ; 483.022155761718750000, 470.182067871093750000, 0.000000000000000000, 0.000000000000000000,  22632.5 
NT30NA90 ; 480.550842285156250000, 468.312927246093750000, 0.000000000000000000, 0.000000000000000000,  21544.5 
NT30NA90 ; 474.294372558593750000, 460.869628906250000000, 0.000000000000000000, 0.000000000000000000,  23627.2 
NT30NA90 ; 489.102233886718750000, 476.999572753906250000, 0.000000000000000000, 0.000000000000000000,  21292.2 
NT30NA90 ; 491.740722656250000000, 478.568237304687500000, 0.000000000000000000, 0.000000000000000000,  23221.6 
NT30NA90 ; 491.878417968750000000, 479.220520019531250000, 0.000000000000000000, 0.000000000000000000,  22300.2 
NT30NA90 ; 491.954101562500000000, 479.843933105468750000, 0.000000000000000000, 0.000000000000000000,  21290.1 
NT30NA90 ; 486.236633300781250000, 473.931457519531250000, 0.000000000000000000, 0.000000000000000000,  21637.6 
NT30NA90 ; 486.849243164062500000, 474.765136718750000000, 0.000000000000000000, 0.000000000000000000,  21253.8 
NT30NA90 ; 478.753906250000000000, 465.236816406250000000, 0.000000000000000000, 0.000000000000000000,  23834.9 
NT30NA90 ; 489.235656738281250000, 476.513549804687500000, 0.000000000000000000, 0.000000000000000000,  22383.1 
NT30NA90 ; 490.910156250000000000, 478.879516601562500000, 0.000000000000000000, 0.000000000000000000,  21185.6 
NT30NA90 ; 479.056518554687500000, 465.582580566406250000, 0.000000000000000000, 0.000000000000000000,  23751.9 
NT30NA90 ; 449.241149902343750000, 436.735534667968750000, 0.000000000000000000, 0.000000000000000000,  22029.9 
NT30NA90 ; 417.467102050781250000, 403.024719238281250000, 0.000000000000000000, 0.000000000000000000,  25450.7 
NT30NA90 ; 485.392761230468750000, 473.316467285156250000, 0.000000000000000000, 0.000000000000000000,  21269.7 
NT30NA90 ; 491.158935546875000000, 477.727905273437500000, 0.000000000000000000, 0.000000000000000000,  23639 
NT30NA90 ; 488.165832519531250000, 475.029357910156250000, 0.000000000000000000, 0.000000000000000000,  23166.2 
NT30NA90 ; 482.843750000000000000, 470.463745117187500000, 0.000000000000000000, 0.000000000000000000,  21804.4 
NT30NA90 ; 473.606140136718750000, 461.150451660156250000, 0.000000000000000000, 0.000000000000000000,  21930.6 
NT30NA90 ; 493.899291992187500000, 480.815429687500000000, 0.000000000000000000, 0.000000000000000000,  23007.2 
NT30NA90 ; 485.899780273437500000, 473.847717285156250000, 0.000000000000000000, 0.000000000000000000,  21219.6 
NT30NA90 ; 495.142700195312500000, 481.920227050781250000, 0.000000000000000000, 0.000000000000000000,  23263.1 
NT30NA90 ; 469.707153320312500000, 455.796875000000000000, 0.000000000000000000, 0.000000000000000000,  24516.8 
NT30NA90 ; 490.638549804687500000, 478.611755371093750000, 0.000000000000000000, 0.000000000000000000,  21147 
NT30NA90 ; 491.310180664062500000, 477.663879394531250000, 0.000000000000000000, 0.000000000000000000,  24037.1 
NT30NA90 ; 470.101379394531250000, 457.746032714843750000, 0.000000000000000000, 0.000000000000000000,  21740.3 
NT30NA90 ; 492.734191894531250000, 479.322814941406250000, 0.000000000000000000, 0.000000000000000000,  23617.3 
NT30NA90 ; 491.926086425781250000, 479.805725097656250000, 0.000000000000000000, 0.000000000000000000,  21303.2 
NT30NA90 ; 493.925292968750000000, 481.876647949218750000, 0.000000000000000000, 0.000000000000000000,  21196.1 
NT30NA90 ; 495.678161621093750000, 482.698425292968750000, 0.000000000000000000, 0.000000000000000000,  22829.8 
NT30NA90 ; 486.770690917968750000, 474.566528320312500000, 0.000000000000000000, 0.000000000000000000,  21421.3 
NT30NA90 ; 481.366394042968750000, 467.452331542968750000, 0.000000000000000000, 0.000000000000000000,  24535.6 
NT30NA90 ; 483.672180175781250000, 471.554504394531250000, 0.000000000000000000, 0.000000000000000000,  21305.3 
NT30NA90 ; 489.770935058593750000, 476.596862792968750000, 0.000000000000000000, 0.000000000000000000,  23232.1 
NT30NA90 ; 471.970947265625000000, 459.494262695312500000, 0.000000000000000000, 0.000000000000000000,  21940.9 
NT30NA90 ; 470.772338867187500000, 457.006591796875000000, 0.000000000000000000, 0.000000000000000000,  24275.9 
NT30NA90 ; 490.297668457031250000, 477.881530761718750000, 0.000000000000000000, 0.000000000000000000,  21822.6 
NT30NA90 ; 491.049377441406250000, 478.976013183593750000, 0.000000000000000000, 0.000000000000000000,  21214.6 
NT30NA90 ; 494.076843261718750000, 480.828125000000000000, 0.000000000000000000, 0.000000000000000000,  23319.5 
NT30NA90 ; 495.578125000000000000, 482.796813964843750000, 0.000000000000000000, 0.000000000000000000,  22474.6 
NT30NA90 ; 498.204406738281250000, 486.106323242187500000, 0.000000000000000000, 0.000000000000000000,  21327.5 
NT30NA90 ; 479.654235839843750000, 466.883178710937500000, 0.000000000000000000, 0.000000000000000000,  22447.6 
NT30NA90 ; 477.041625976562500000, 464.728515625000000000, 0.000000000000000000, 0.000000000000000000,  21661.5 
NT30NA90 ; 475.116760253906250000, 461.313598632812500000, 0.000000000000000000, 0.000000000000000000,  24287.4 
NT30NA90 ; 488.043640136718750000, 475.858825683593750000, 0.000000000000000000, 0.000000000000000000,  21445.5 
NT30NA90 ; 498.526611328125000000, 485.042297363281250000, 0.000000000000000000, 0.000000000000000000,  23744.3 
NT30NA90 ; 469.773803710937500000, 457.240539550781250000, 0.000000000000000000, 0.000000000000000000,  22057.3 
NT30NA90 ; 491.339050292968750000, 479.050903320312500000, 0.000000000000000000, 0.000000000000000000,  21627.1 
NT30NA90 ; 495.868408203125000000, 482.863647460937500000, 0.000000000000000000, 0.000000000000000000,  22861.2 
NT30NA90 ; 473.052429199218750000, 460.571594238281250000, 0.000000000000000000, 0.000000000000000000,  21971.4 
NT30NA90 ; 475.600952148437500000, 461.609008789062500000, 0.000000000000000000, 0.000000000000000000,  24645.4 
NT30NA90 ; 477.785949707031250000, 463.976379394531250000, 0.000000000000000000, 0.000000000000000000,  24311.6 
NT30NA90 ; 492.043701171875000000, 479.345947265625000000, 0.000000000000000000, 0.000000000000000000,  22256.6 
NT30NA90 ; 495.888977050781250000, 481.979553222656250000, 0.000000000000000000, 0.000000000000000000,  24524.9 
NT30NA90 ; 499.320922851562500000, 487.242858886718750000, 0.000000000000000000, 0.000000000000000000,  21181.3 
NT30NA90 ; 493.971069335937500000, 480.722656250000000000, 0.000000000000000000, 0.000000000000000000,  23367.2 
NT30NA90 ; 499.899658203125000000, 486.949340820312500000, 0.000000000000000000, 0.000000000000000000,  22766.5 
NT30NA90 ; 493.702697753906250000, 481.271301269531250000, 0.000000000000000000, 0.000000000000000000,  21872.1 
NT30NA90 ; 501.003906250000000000, 488.307250976562500000, 0.000000000000000000, 0.000000000000000000,  22314.4 
NT30NA90 ; 473.155029296875000000, 459.200561523437500000, 0.000000000000000000, 0.000000000000000000,  24614.2 
NT30NA90 ; 490.598266601562500000, 478.289489746093750000, 0.000000000000000000, 0.000000000000000000,  21661.4 
NT30NA90 ; 499.908630371093750000, 485.806152343750000000, 0.000000000000000000, 0.000000000000000000,  24836.3 
NT30NA90 ; 483.417053222656250000, 470.914733886718750000, 0.000000000000000000, 0.000000000000000000,  21988.1 
NT30NA90 ; 491.560302734375000000, 478.025146484375000000, 0.000000000000000000, 0.000000000000000000,  23838.3 
NT30NA90 ; 492.305175781250000000, 480.002014160156250000, 0.000000000000000000, 0.000000000000000000,  21614.2 
NT30NA90 ; 500.067565917968750000, 486.679748535156250000, 0.000000000000000000, 0.000000000000000000,  23620.5 
NT30NA90 ; 491.282714843750000000, 478.835998535156250000, 0.000000000000000000, 0.000000000000000000,  21822.9 
NT30NA90 ; 492.772827148437500000, 480.695556640625000000, 0.000000000000000000, 0.000000000000000000,  21216.4 
NT30NA90 ; 507.924743652343750000, 494.377014160156250000, 0.000000000000000000, 0.000000000000000000,  23858.9 
NT30NA90 ; 487.361877441406250000, 474.414428710937500000, 0.000000000000000000, 0.000000000000000000,  22747.4 
NT30NA90 ; 469.681518554687500000, 457.081726074218750000, 0.000000000000000000, 0.000000000000000000,  22207.1 
NT30NA90 ; 465.011657714843750000, 451.469726562500000000, 0.000000000000000000, 0.000000000000000000,  23854.9 
NT30NA90 ; 472.728088378906250000, 460.192382812500000000, 0.000000000000000000, 0.000000000000000000,  22022.6 
NT30NA90 ; 466.846130371093750000, 453.043457031250000000, 0.000000000000000000, 0.000000000000000000,  24346.9 
NT30NA90 ; 463.584533691406250000, 451.016357421875000000, 0.000000000000000000, 0.000000000000000000,  22099.8 
NT30NA90 ; 466.380371093750000000, 452.806762695312500000, 0.000000000000000000, 0.000000000000000000,  23889.3 
NT30NA90 ; 471.579040527343750000, 458.286926269531250000, 0.000000000000000000, 0.000000000000000000,  23403.9 
NT30NA90 ; 484.491699218750000000, 472.286926269531250000, 0.000000000000000000, 0.000000000000000000,  21456.7 
NT30NA90 ; 493.696533203125000000, 480.793273925781250000, 0.000000000000000000, 0.000000000000000000,  22711.8 
NT30NA90 ; 483.777770996093750000, 470.230834960937500000, 0.000000000000000000, 0.000000000000000000,  23859.8 
NT30NA90 ; 490.414916992187500000, 478.299804687500000000, 0.000000000000000000, 0.000000000000000000,  21269.6 
NT30NA90 ; 455.652648925781250000, 441.191955566406250000, 0.000000000000000000, 0.000000000000000000,  25507.6 
NT30NA90 ; 474.537902832031250000, 461.323669433593750000, 0.000000000000000000, 0.000000000000000000,  23242.6 
NT30NA90 ; 495.402038574218750000, 483.304931640625000000, 0.000000000000000000, 0.000000000000000000,  21293.5 
NT30NA90 ; 482.549133300781250000, 469.507934570312500000, 0.000000000000000000, 0.000000000000000000,  22938.7 
NT30NA90 ; 491.834411621093750000, 479.668273925781250000, 0.000000000000000000, 0.000000000000000000,  21385.8 
NT30NA90 ; 496.371459960937500000, 483.264160156250000000, 0.000000000000000000, 0.000000000000000000,  23082.8 
NT30NA90 ; 463.701904296875000000, 451.338928222656250000, 0.000000000000000000, 0.000000000000000000,  21732.1 
NT30NA90 ; 495.620239257812500000, 482.698181152343750000, 0.000000000000000000, 0.000000000000000000,  22772.2 
NT30NA90 ; 470.060058593750000000, 456.101013183593750000, 0.000000000000000000, 0.000000000000000000,  24580.3 
NT30NA90 ; 460.848571777343750000, 448.504028320312500000, 0.000000000000000000, 0.000000000000000000,  21747.6 
NT30NA90 ; 492.372009277343750000, 478.335144042968750000, 0.000000000000000000, 0.000000000000000000,  24790.2 
NT30NA90 ; 462.228637695312500000, 449.648498535156250000, 0.000000000000000000, 0.000000000000000000,  22109.6 
NT30NA90 ; 495.923339843750000000, 482.417358398437500000, 0.000000000000000000, 0.000000000000000000,  23818.8 
NT30NA90 ; 467.760314941406250000, 454.067687988281250000, 0.000000000000000000, 0.000000000000000000,  24092.3 
NT30NA90 ; 487.461059570312500000, 475.259521484375000000, 0.000000000000000000, 0.000000000000000000,  21454 
NT30NA90 ; 489.100646972656250000, 474.924011230468750000, 0.000000000000000000, 0.000000000000000000,  25017.7 
NT30NA90 ; 475.944824218750000000, 463.600341796875000000, 0.000000000000000000, 0.000000000000000000,  21717.9 
NT30NA90 ; 491.193359375000000000, 478.188049316406250000, 0.000000000000000000, 0.000000000000000000,  22891.6 
NT30NA90 ; 491.730773925781250000, 478.975769042968750000, 0.000000000000000000, 0.000000000000000000,  22445.8 
NT30NA90 ; 497.926330566406250000, 484.965209960937500000, 0.000000000000000000, 0.000000000000000000,  22812.2 
NT30NA90 ; 491.823486328125000000, 478.665832519531250000, 0.000000000000000000, 0.000000000000000000,  23171.8 
NT30NA90 ; 485.225524902343750000, 473.041503906250000000, 0.000000000000000000, 0.000000000000000000,  21436.2 
NT30NA90 ; 495.514465332031250000, 482.039550781250000000, 0.000000000000000000, 0.000000000000000000,  23739.3 
NT30NA90 ; 461.921691894531250000, 448.016113281250000000, 0.000000000000000000, 0.000000000000000000,  24522.9 
NT30NA90 ; 476.705749511718750000, 464.242370605468750000, 0.000000000000000000, 0.000000000000000000,  21920.9 
NT30NA90 ; 495.026245117187500000, 480.922119140625000000, 0.000000000000000000, 0.000000000000000000,  24883.6 
NT30NA90 ; 490.331787109375000000, 478.144653320312500000, 0.000000000000000000, 0.000000000000000000,  21405.3 
NT30NA90 ; 460.000915527343750000, 446.710144042968750000, 0.000000000000000000, 0.000000000000000000,  23468.5 
NT30NA90 ; 490.328247070312500000, 477.555236816406250000, 0.000000000000000000, 0.000000000000000000,  22448 
NT30NA90 ; 470.809448242187500000, 458.420776367187500000, 0.000000000000000000, 0.000000000000000000,  21849.4 
NT30NA90 ; 487.190673828125000000, 474.032592773437500000, 0.000000000000000000, 0.000000000000000000,  23170.5 
NT30NA90 ; 492.019653320312500000, 479.790893554687500000, 0.000000000000000000, 0.000000000000000000,  21462.1 
NT30NA90 ; 466.265014648437500000, 452.523498535156250000, 0.000000000000000000, 0.000000000000000000,  24291.4 
NT30NA90 ; 471.200378417968750000, 458.472167968750000000, 0.000000000000000000, 0.000000000000000000,  22382.5 
NT30NA90 ; 463.501525878906250000, 450.394836425781250000, 0.000000000000000000, 0.000000000000000000,  23156.2 
NT30NA90 ; 485.503051757812500000, 472.731811523437500000, 0.000000000000000000, 0.000000000000000000,  22474.6 
NT30NA90 ; 469.655761718750000000, 457.356445312500000000, 0.000000000000000000, 0.000000000000000000,  21687.1 
NT30NA90 ; 489.868347167968750000, 476.369750976562500000, 0.000000000000000000, 0.000000000000000000,  23750.2 
NT30NA90 ; 487.599426269531250000, 475.005065917968750000, 0.000000000000000000, 0.000000000000000000,  22174.2 
NT30NA90 ; 484.141967773437500000, 471.946411132812500000, 0.000000000000000000, 0.000000000000000000,  21459.5 
NT30NA90 ; 484.962951660156250000, 472.179321289062500000, 0.000000000000000000, 0.000000000000000000,  22517.2 
NT30NA90 ; 489.385131835937500000, 477.283752441406250000, 0.000000000000000000, 0.000000000000000000,  21299.8 
NT30NA90 ; 496.226928710937500000, 483.119445800781250000, 0.000000000000000000, 0.000000000000000000,  23065.4 
NT30NA90 ; 485.119934082031250000, 472.965087890625000000, 0.000000000000000000, 0.000000000000000000,  21383.1 
NT30NA90 ; 482.909729003906250000, 469.535644531250000000, 0.000000000000000000, 0.000000000000000000,  23568.5 
NT30NA90 ; 489.785278320312500000, 477.696716308593750000, 0.000000000000000000, 0.000000000000000000,  21215.2 
NT30NA90 ; 484.215270996093750000, 472.027099609375000000, 0.000000000000000000, 0.000000000000000000,  21427.7 
NT30NA90 ; 489.368041992187500000, 476.463439941406250000, 0.000000000000000000, 0.000000000000000000,  22725.9 
NT30NA90 ; 465.182250976562500000, 452.588684082031250000, 0.000000000000000000, 0.000000000000000000,  22149.7 
NT30NA90 ; 476.306152343750000000, 462.440917968750000000, 0.000000000000000000, 0.000000000000000000,  24478.7 
NT30NA90 ; 469.545471191406250000, 457.159057617187500000, 0.000000000000000000, 0.000000000000000000,  21754.4 
NT30NA90 ; 488.989990234375000000, 475.199096679687500000, 0.000000000000000000, 0.000000000000000000,  24292.5 
NT30NA90 ; 490.505920410156250000, 478.371948242187500000, 0.000000000000000000, 0.000000000000000000,  21350.3 
NT30NA90 ; 483.581237792968750000, 470.231506347656250000, 0.000000000000000000, 0.000000000000000000,  23521.6 
NT30NA90 ; 480.088684082031250000, 467.060546875000000000, 0.000000000000000000, 0.000000000000000000,  22909.3 
NT30NA90 ; 490.917297363281250000, 478.835449218750000000, 0.000000000000000000, 0.000000000000000000,  21277.9 
NT30NA90 ; 462.230651855468750000, 449.757629394531250000, 0.000000000000000000, 0.000000000000000000,  21988.4 
NT30NA90 ; 479.496337890625000000, 467.452697753906250000, 0.000000000000000000, 0.000000000000000000,  21192.6 
NT30NA90 ; 469.101501464843750000, 455.323181152343750000, 0.000000000000000000, 0.000000000000000000,  24256.4 
NT30NA90 ; 464.702941894531250000, 452.397827148437500000, 0.000000000000000000, 0.000000000000000000,  21639.8 
NT30NA90 ; 484.625915527343750000, 470.816772460937500000, 0.000000000000000000, 0.000000000000000000,  24389.1 
NT30NA90 ; 482.595764160156250000, 470.428466796875000000, 0.000000000000000000, 0.000000000000000000,  21345 
NT30NA90 ; 488.790649414062500000, 474.698242187500000000, 0.000000000000000000, 0.000000000000000000,  24904.3 
NT30NA90 ; -261662.059997558593750000, 469.664367675781250000, 0.000000000000000000, 0.000000000000000000,  21551.3 
NT30NA90 ; 485.955322265625000000, 472.188781738281250000, 0.000000000000000000, 0.000000000000000000,  24296.9 
NT30NA90 ; 473.499572753906250000, 461.089965820312500000, 0.000000000000000000, 0.000000000000000000,  21835.9 
